{"schemaVersion":"1.0","appDefinitionTemplate":{"id":"/providers/Microsoft.PowerApps/apps/","type":"Microsoft.PowerApps/apps","tags":{"minimumRequiredApiVersion":"2.2.0"},"properties":{"appVersion":"2018-11-18T20:28:32Z","lifeCycleId":"Published","createdByClientVersion":{"major":3,"minor":18111,"build":15,"revision":0,"majorRevision":0,"minorRevision":0},"minClientVersion":{"major":3,"minor":18111,"build":15,"revision":0,"majorRevision":0,"minorRevision":0},"backgroundColor":"rgba(0, 176, 240, 1)","backgroundImageUri":"/12109180690468632726/N934c2e0b-b369-4028-8878-46d5bfed9eea-Nca6a0cb5-acde-4d1c-8fd3-6b162e7f56a1-logoSmallFile","displayName":"OMDb Search","description":"","appUris":{"documentUri":{"value":"/12109180690468632726/N03fe2d31-f1fc-48da-bd5e-9f3f2aaab1a3-Nad7a09ef-595b-4103-b352-d1ad4cd842e4-document.msapp","readonlyValue":"/12109180690468632726/N03fe2d31-f1fc-48da-bd5e-9f3f2aaab1a3-Nad7a09ef-595b-4103-b352-d1ad4cd842e4-document.msapp"},"imageUris":[]},"createdTime":"0001-01-01T00:00:00Z","lastModifiedTime":"0001-01-01T00:00:00Z","sharedGroupsCount":0,"sharedUsersCount":0,"icons":{"smallIconUri":"/12109180690468632726/N0616de3e-8309-4825-8e8a-944d62a35278-Ne5f05883-ce60-4291-8d40-d7ad560425c7-small.png","mediumIconUri":"/12109180690468632726/N33b5320b-db57-4f46-8831-4f2c4325530b-N93d5c8d3-4d54-45f2-94ad-2fc22dce9da1-medium.png","largeIconUri":"/12109180690468632726/N987de515-dcd1-43e5-801a-0c61ea781382-N95362e44-cf94-4e08-a8a0-c094cc78f0fd-large.png","wideIconUri":"/12109180690468632726/N9c281f47-f87e-4b2b-a87c-48375f66495f-N5d463d51-3474-4465-8158-fcd806e70e0d-wide.png"},"connectionReferences":{"1dca5869-cd6f-4938-b60d-1e1ca88b8806":{"id":"d63be25d-3069-495f-85a8-21289216e427","displayName":"OMDb","iconUri":"https://prodapiicons.cdn.powerappscdn.net/20181116t000000z8491db7d392f43f1ae502e5d114158e2/customconnectoricon.customconnectoricon","dataSources":["OMDb"],"dependencies":[],"dependents":[],"parameterHints":{},"isOnPremiseConnection":false,"bypassConsent":false,"dataSets":{},"apiTier":"Standard"}},"almMode":"Environment"}}}