{"schemaVersion":"1.0","appDefinitionTemplate":{"id":"/providers/Microsoft.PowerApps/apps/","type":"Microsoft.PowerApps/apps","tags":{"minimumRequiredApiVersion":"2.2.0"},"properties":{"appVersion":"2018-11-20T04:02:29Z","lifeCycleId":"Published","createdByClientVersion":{"major":3,"minor":18111,"build":15,"revision":0,"majorRevision":0,"minorRevision":0},"minClientVersion":{"major":3,"minor":18111,"build":15,"revision":0,"majorRevision":0,"minorRevision":0},"backgroundColor":"rgba(0, 176, 240, 1)","backgroundImageUri":"/4277817923929817924/Nb3c775b7-564e-4000-9ec8-5d395262cfe2-logoSmallFile","displayName":"Basic Calculator","description":"","appUris":{"documentUri":{"value":"/4277817923929817924/Naeda441b-a7ce-43f5-913d-a838700a939c-document.msapp","readonlyValue":"/4277817923929817924/Naeda441b-a7ce-43f5-913d-a838700a939c-document.msapp"},"imageUris":[]},"createdTime":"0001-01-01T00:00:00Z","lastModifiedTime":"0001-01-01T00:00:00Z","sharedGroupsCount":0,"sharedUsersCount":0,"icons":{"smallIconUri":"/4277817923929817924/N9ee7ef94-ddd1-45f1-825e-9e38ceb8d7c3-small.png","mediumIconUri":"/4277817923929817924/N85990f31-2c72-4f63-b3cb-6850badfca5e-medium.png","largeIconUri":"/4277817923929817924/N2ca66a39-d036-4350-a302-740253a8a38a-large.png","wideIconUri":"/4277817923929817924/N772f5479-0bd5-45d3-8351-2385cd3d1cd4-wide.png"},"connectionReferences":{"95ca8a81-7abc-4b9e-912b-cd061fedd402":{"id":"44d6722f-48c0-4d7c-b648-fb153714f196","displayName":"Calculator Function","iconUri":"https://prodapiicons.cdn.powerappscdn.net/20181120t000000z3e592e12489b44a69adb36a1a1c24bf1/customconnectoricon.customconnectoricon","dataSources":["CalculatorFunction"],"dependencies":[],"dependents":[],"parameterHints":{},"isOnPremiseConnection":false,"bypassConsent":false,"dataSets":{},"apiTier":"Standard"}},"almMode":"Environment"}}}