<ImportExportXml xmlns:xsi="http://www.w3.org/2001/XMLSchema-instance">
  <Entities></Entities>
  <Roles></Roles>
  <Workflows>
    <Workflow WorkflowId="{66136b69-d9ed-4fa0-91bb-d9671f54f017}" Name="Demo Action">
      <XamlFileName>/Workflows/DemoAction-66136B69-D9ED-4FA0-91BB-D9671F54F017.xaml</XamlFileName>
      <Type>1</Type>
      <Subprocess>0</Subprocess>
      <Category>3</Category>
      <Mode>0</Mode>
      <Scope>4</Scope>
      <OnDemand>0</OnDemand>
      <TriggerOnCreate>0</TriggerOnCreate>
      <TriggerOnDelete>0</TriggerOnDelete>
      <AsyncAutodelete>0</AsyncAutodelete>
      <SyncWorkflowLogOnFailure>1</SyncWorkflowLogOnFailure>
      <StateCode>1</StateCode>
      <StatusCode>2</StatusCode>
      <CreateStage>40</CreateStage>
      <RunAs>1</RunAs>
      <SdkMessageId>{3f608cde-2932-e911-a956-000d3a3b9825}</SdkMessageId>
      <UniqueName>DemoAction</UniqueName>
      <IsTransacted>1</IsTransacted>
      <IntroducedVersion>1.0.0.0</IntroducedVersion>
      <IsCustomizable>1</IsCustomizable>
      <FormId>{00000000-0000-0000-0000-000000000000}</FormId>
      <PrimaryEntity>none</PrimaryEntity>
      <LocalizedNames>
        <LocalizedName languagecode="1033" description="Demo Action" />
      </LocalizedNames>
    </Workflow>
  </Workflows>
  <FieldSecurityProfiles></FieldSecurityProfiles>
  <Templates />
  <EntityMaps />
  <EntityRelationships />
  <OrganizationSettings />
  <optionsets />
  <CustomControls />
  <SolutionPluginAssemblies>
    <PluginAssembly FullName="DemoActionPlugin, Version=1.0.0.0, Culture=neutral, PublicKeyToken=34837f65367a2e77" PluginAssemblyId="d5ab50d2-42c9-42e7-bd19-a6dcd939ace2" CustomizationLevel="1">
      <IsolationMode>2</IsolationMode>
      <SourceType>0</SourceType>
      <IntroducedVersion>1.0</IntroducedVersion>
      <FileName>/PluginAssemblies/DemoActionPlugin-D5AB50D2-42C9-42E7-BD19-A6DCD939ACE2/DemoActionPlugin.dll</FileName>
      <PluginTypes>
        <PluginType AssemblyQualifiedName="DemoActionPlugin.DoWork, DemoActionPlugin, Version=1.0.0.0, Culture=neutral, PublicKeyToken=34837f65367a2e77" PluginTypeId="f8a94cea-47ab-4ccd-8664-250d96463cc3" Name="DemoActionPlugin.DoWork">
          <FriendlyName>e060d61f-6c18-48be-902a-4a14afa2ef3f</FriendlyName>
        </PluginType>
      </PluginTypes>
    </PluginAssembly>
  </SolutionPluginAssemblies>
  <SdkMessageProcessingSteps>
    <SdkMessageProcessingStep Name="DemoActionPlugin.DoWork: lat_DemoAction of any Entity" SdkMessageProcessingStepId="{36e518f3-2241-e911-a951-000d3a3b9cd8}">
      <PluginTypeName>DemoActionPlugin.DoWork, DemoActionPlugin, Version=1.0.0.0, Culture=neutral, PublicKeyToken=34837f65367a2e77</PluginTypeName>
      <PluginTypeId>f8a94cea-47ab-4ccd-8664-250d96463cc3</PluginTypeId>
      <AsyncAutoDelete>0</AsyncAutoDelete>
      <Description>DemoActionPlugin.DoWork: lat_DemoAction of any Entity</Description>
      <FilteringAttributes></FilteringAttributes>
      <InvocationSource>0</InvocationSource>
      <Mode>0</Mode>
      <Rank>1</Rank>
      <SdkMessageId>{3f608cde-2932-e911-a956-000d3a3b9825}</SdkMessageId>
      <EventHandlerTypeCode>4602</EventHandlerTypeCode>
      <Stage>40</Stage>
      <IsCustomizable>1</IsCustomizable>
      <IsHidden>0</IsHidden>
      <SupportedDeployment>0</SupportedDeployment>
      <IntroducedVersion>1.0</IntroducedVersion>
      <SdkMessageProcessingStepImages />
    </SdkMessageProcessingStep>
  </SdkMessageProcessingSteps>
  <EntityDataProviders />
  <Languages>
    <Language>1033</Language>
  </Languages>
</ImportExportXml>