{"schemaVersion":"1.0","appDefinitionTemplate":{"id":"/providers/Microsoft.PowerApps/apps/","type":"Microsoft.PowerApps/apps","tags":{"minimumRequiredApiVersion":"2.2.0"},"properties":{"appVersion":"2019-02-16T23:47:13Z","lifeCycleId":"Published","createdByClientVersion":{"major":3,"minor":19021,"build":13,"revision":0,"majorRevision":0,"minorRevision":0},"minClientVersion":{"major":3,"minor":19021,"build":13,"revision":0,"majorRevision":0,"minorRevision":0},"backgroundColor":"rgba(105, 180, 69, 1)","backgroundImageUri":"/14176871839380718531/Nbab2b217-8074-40d7-806f-39ea3ae3c04c-logoSmallFile","displayName":"D365 OAuth Test App","description":"Tests a D365 custom action","appUris":{"documentUri":{"value":"/14176871839380718531/N6a025108-cf25-4f0c-937a-2a0cee707bf1-document.msapp","readonlyValue":"/14176871839380718531/N6a025108-cf25-4f0c-937a-2a0cee707bf1-document.msapp"},"imageUris":[]},"createdTime":"0001-01-01T00:00:00Z","lastModifiedTime":"0001-01-01T00:00:00Z","sharedGroupsCount":0,"sharedUsersCount":0,"icons":{"smallIconUri":"/14176871839380718531/Nc59fe0ea-5f03-4673-966f-a8ffc1dc1d2a-small.png","mediumIconUri":"/14176871839380718531/N685bdc5b-a46f-4d50-aa3e-6b0b76c644d2-medium.png","largeIconUri":"/14176871839380718531/N95a92d6d-6d93-4248-8181-ee9b7ce728ad-large.png","wideIconUri":"/14176871839380718531/N42485232-981d-40f4-b8d6-567387664176-wide.png"},"connectionReferences":{"43ad0c5a-46de-4908-bf9d-13d6180c8855":{"id":"698f6a48-df8a-48c2-80cc-6c3c08a1a05b","displayName":"D365 OAuth","iconUri":"https://prodapiicons.cdn.powerappscdn.net/20190216t000000z019ce046712f4b6296f797f61a17672d/customconnectoricon.customconnectoricon","dataSources":["D365OAuth"],"dependencies":[],"dependents":[],"parameterHints":{},"isOnPremiseConnection":false,"bypassConsent":false,"dataSets":{},"apiTier":"Standard","isCustomApiConnection":true}},"almMode":"Environment"}}}